,first_name,last_name,team_name,season
0,Wayne,Routledge,England,2011
1,Craig,Gardner,England,2011
2,Csaba,Somogyi,Hungary,2011
3,Gustavo Lucas,Domingues Piazón,Brazil,2011
4,Daniel Jesse,Boateng,England,2011
5,Ali Abdullah Harib,Al Habsi,Oman,2011
6,Rubén,Rochina Naixes,Spain,2011
7,Steve,Sidwell,England,2011
8,Stuart,Taylor,England,2011
9,Victor Chinedu,Anichebe,Nigeria,2011
10,Carlos Javier,Cuéllar Jiménez,Spain,2011
11,Ronnie,Stam,Netherlands,2011
12,Tommy,Smith,England,2011
13,Titus Malachi,Bramble,England,2011
14,Albert,Crusat Domene,Spain,2011
15,Fitz,Hall,England,2011
16,Jody,Craddock,England,2011
17,Rob,Hulse,England,2011
18,Jonathan,Greening,England,2011
19,Philip,Airey,England,2011
20,Tyrone,Mears,Jamaica,2011
21,Nathan,Dyer,England,2011
22,Àngel,Rangel Zaragoza,Spain,2011
23,Jay Francis,Spearing,England,2011
24,James Robert,Wallace,England,2011
25,Andrew,Davies,England,2011
26,Chinedum,Onuoha,England,2011
27,Leon,Barnett,England,2011
28,Florent,Cuvelier,Belgium,2011
29,Jerome,Thomas,England,2011
30,Tony,Hibbert,England,2011
31,Carlo,Nash,England,2011
32,Luke,Moore,England,2011
33,Andy,Marshall,England,2011
34,Patrick,Agyemang,Ghana,2011
35,Adam,Drury,England,2011
36,Danny,Higginbotham,Gibraltar,2011
37,Oliver,Gill,England,2011
38,Jake,Nicholson,England,2011
39,Sean,Davis,England,2011
40,Scott,Dann,England,2011
41,Andrew,Surman,England,2011
42,Bradley,Johnson,England,2011
43,Benjamin,Watson,England,2011
44,Declan,Rudd,England,2011
45,Danny,Graham,England,2011
46,Billy,Jones,England,2011
47,Sammy,Ameobi,England,2011
48,James,Vaughan,England,2011
49,Lee,Cattermole,England,2011
50,Michael Grant,Harriman,Republic of Ireland,2011
51,Michael,Turner,England,2011
52,Joe,Riley,England,2011
53,Anton,Ferdinand,England,2011
54,Stephen,Dobbie,Scotland,2011
55,Simon,Lappin,Scotland,2011
56,Tom,Adeyemi,England,2011
57,Garry,Monk,England,2011
58,Ryan,Noble,England,2011
59,Craig,Lynch,England,2011
60,Dorus,de Vries,Netherlands,2011
61,Adam,Buxton,England,2011
62,Jason David Ian,Puncheon,England,2011
63,Jed John,Steer,England,2011
64,David Frank Llwyd,Jones,England,2011
65,Dean,Parrett,England,2011
66,Oumare,Tounkara,France,2011
67,Sylvain,Marveaux,France,2011
68,Ole,Söderberg,Sweden,2011
69,Chris,Eagles,England,2011
70,Grant,Holt,England,2011
71,Carl,Ikeme,Nigeria,2011
72,Nigel,Reo-Coker,England,2011
73,Reece,Brown,England,2011
74,Alex,Tchuimeni-Nimely,Liberia,2011
75,Alejandro Damián,Faurlin,Argentina,2011
76,Lauri,Dalla Valle,Finland,2011
77,Zak,Whitbread,USA,2011
78,Ricardo,Fuller,Jamaica,2011
79,Federico,Bessone Luna,Argentina,2011
80,Asamoah,Gyan,Ghana,2011
81,Roger,Johnson,England,2011
82,Eric,Lichaj,USA,2011
83,Liam,Ridgewell,England,2011
84,Ryan,Taylor,England,2011
85,Tom,Soares,England,2011
86,Wilson Roberto,Palacios Suazo,Honduras,2011
87,Hendry Bernardo,Thomas Suazo,Honduras,2011
88,Bongani Sandile,Khumalo,South Africa,2011
89,Papiss Demba,Cissé,Senegal,2011
90,Armand,Traoré,Senegal,2011
91,Taye Ismaila,Taïwo,Nigeria,2011
92,Shola,Ameobi,Nigeria,2011
93,Steven,Pienaar,South Africa,2011
94,Clint,Dempsey,USA,2011
95,Mahamadou,Diarra,Mali,2011
96,Joseph Phillip,Yobo,Nigeria,2011
97,Dickson Paul,Etuhu,Nigeria,2011
98,Salif Alassane,Diao,Senegal,2011
99,Marcus,Hahnemann,USA,2011
100,Denílson,Pereira Neves,Brazil,2011
101,Michael,Tonge,England,2011
102,Amine,Linganzi Koumba,Congo,2011
103,Ryan,Shotton,England,2011
104,David,Fox,England,2011
105,Vangelis,Moras,Greece,2011
106,Carlos Arnoldo,Salcido Flores,Mexico,2011
107,Emmanuel,Adebayor,Togo,2011
108,Maynor Alexis,Figueroa Róchez,Honduras,2011
109,Zoltán,Gera,Hungary,2011
110,Emmanuel Yaw,Frimpong,Ghana,2011
111,Giovani,dos Santos Ramírez,Mexico,2011
112,Kenwyne,Jones,Trinidad and Tobago,2011
113,Landon,Donovan,USA,2011
114,Mikel,Arteta Amatriain,Spain,2011
115,Mike,Pollitt,England,2011
116,Manuel,Almunia Rivero,Spain,2011
117,Sotirios,Kyrgiakos,Greece,2011
118,Lee,Cook,England,2011
119,Anthony,McNamee,England,2011
120,Ciaran,Clark,Republic of Ireland,2011
121,Shane Patrick,Long,Republic of Ireland,2011
122,Glenn David,Whelan,Republic of Ireland,2011
123,Keiren,Westwood,Republic of Ireland,2011
124,Darron,Gibson,Republic of Ireland,2011
125,Anthony Neil James,Pilkington,Republic of Ireland,2011
126,John,O'Shea,Republic of Ireland,2011
127,Marc David,Wilson,Republic of Ireland,2011
128,David,Meyler,Republic of Ireland,2011
129,Jonathan,Walters,Republic of Ireland,2011
130,Stephen,Kelly,Republic of Ireland,2011
131,Leon,Best,Republic of Ireland,2011
132,Kevin,Doyle,Republic of Ireland,2011
133,Stephen,Hunt,Republic of Ireland,2011
134,Ákos,Buzsáky,Hungary,2011
135,Heiðar,Helguson,Iceland,2011
136,Keith,Andrews,Republic of Ireland,2011
137,Márton,Fülöp,Hungary,2011
138,Dean,Kiely,Republic of Ireland,2011
139,Martin Charles,Rowlands,Republic of Ireland,2011
140,Michel,Vorm,Netherlands,2011
141,Davide,Santon,Italy,2011
142,Gareth,McAuley,Northern Ireland,2011
143,Stephen Robert,Ward,Republic of Ireland,2011
144,Chris,Brunt,Northern Ireland,2011
145,Mikel John,Obi,Nigeria,2011
146,Robin,van Persie,Netherlands,2011
147,Aaron,Hughes,Northern Ireland,2011
148,Demba,Ba,Senegal,2011
149,Petter,Vaagan Moen,Norway,2011
150,Chris,Baird,Northern Ireland,2011
151,Ross,Turnbull,England,2011
152,Robert,Huth,Germany,2011
153,Bjørn Helge,Semundseth Riise,Norway,2011
154,Michael,Essien,Ghana,2011
155,Yossi Shai,Benayoun,Israel,2011
156,Damien,Duff,Republic of Ireland,2011
157,Jason,Roberts,Grenada,2011
158,Carlo,Cudicini,Italy,2011
159,Robbie,Cotton,England,2011
160,Graham,Dorrans,Scotland,2011
161,Orlando Carlos,Braga de Sá,Portugal,2011
162,James,McFarlane McArthur,Scotland,2011
163,Phil,Bardsley,Scotland,2011
164,Alan,Hutton,Scotland,2011
165,José Filipe,da Silva Moreira,Portugal,2011
166,Christophe Didier,Berra,Scotland,2011
167,Matthew,Kilgallon,England,2011
168,Tomasz,Kuszczak,Poland,2011
169,Shaun,Maloney,Scotland,2011
170,James,McFadden,Scotland,2011
171,Steven,Reid,Republic of Ireland,2011
172,Henrique Hilário,Meireles Alves Sampaio,Portugal,2011
173,Raul José,Trindade Meireles,Portugal,2011
174,Gary,Caldwell,Scotland,2011
175,José,Bosingwa da Silva,Portugal,2011
176,Paulo Renato,Rebocho Ferreira,Portugal,2011
177,Bradley,Orr,England,2011
178,Craig,Beattie,Scotland,2011
179,Michael,Johnson,England,2011
180,Nenad,Milijaš,Serbia,2011
181,David Josué,Jiménez Silva,Spain,2011
182,David,de Gea Quintana,Spain,2011
183,Leigh,Griffiths,Scotland,2011
184,Branislav,Ivanović,Serbia,2011
185,Russell,Martin,Scotland,2011
186,Danny,Simpson,England,2011
187,James,Morrison,Scotland,2011
188,Mark,Bunn,England,2011
189,Christopher Hugh,Martin,Scotland,2011
190,Jonas,Olsson,Sweden,2011
191,Ben,Alnwick,England,2011
192,Jamie,Mackie,Scotland,2011
193,Nick,Blackman,Barbados,2011
194,David,Goodwillie,Scotland,2011
195,Simon,Vukčević,Montenegro,2011
196,Dudley Junior,Campbell,England,2011
197,Miguel Ángel,Salgado Fernández,Spain,2011
198,Yakubu,Aiyegbeni,Nigeria,2011
199,Pablo,Ibanez Tebar,Spain,2011
200,Gareth Frank,Bale,Wales,2011
201,Bengt Ulf Sebastian,Larsson,Sweden,2011
202,Joseph Kevin,Walsh,Wales,2011
203,Glyn Oliver,Myhill,Wales,2011
204,Neil John,Taylor,Wales,2011
205,Ashley,Williams,Wales,2011
206,Steve,Morison,Wales,2011
207,James,Collins,Wales,2011
208,Gwion Dafydd Rhys,Edwards,Wales,2011
209,David Alexander,Edwards,Wales,2011
210,Pavel,Pogrebnyak,Russia,2011
211,Per,Mertesacker,Germany,2011
212,Dirk,Kuijt,Netherlands,2011
213,Roman,Pavlyuchenko,Russia,2011
214,Philippe,Senderos,Switzerland,2011
215,Andrey,Arshavin,Russia,2011
216,Fábio,Aurélio Rodrigues,Brazil,2011
217,Andy,Wilkinson,England,2011
218,Emmerson Orlando,Boyce,Barbados,2011
219,Simon,Davies,Wales,2011
220,Aleksandar,Kolarov,Serbia,2011
221,Martin,Škrtel,Slovakia,2011
222,Denis Andrés,Stracqualursi,Argentina,2011
223,Jordi,Gómez García-Penche,Spain,2011
224,Daniel,Sánchez Ayala,Spain,2011
225,Charles Graham,Adam,Scotland,2011
226,Fernando José,Torres Sanz,Spain,2011
227,Ján,Mucha,Slovakia,2011
228,Danny Sean,Guthrie,England,2011
229,Andrea,Orlandi Stabilin,Spain,2011
230,Kaspars,Gorkšs,Latvia,2011
231,Diniyar,Bilyaletdinov,Russia,2011
232,José Enrique,de la Sánchez Diaz,Spain,2011
233,Robbie,Keane,Republic of Ireland,2011
234,Nathan,Eccleston,England,2011
235,Craig,Bellamy,Wales,2011
236,John Arne,Semundseth Riise,Norway,2011
237,Fabrice,Muamba,England,2011
238,Grétar Rafn,Steinsson,Iceland,2011
239,Mamady,Sidibé,Mali,2011
240,Sergio Leonel,Agüero del Castillo,Argentina,2011
241,Jonás Manuel,Gutiérrez,Argentina,2011
242,Carlos Alberto,Tevez,Argentina,2011
243,Maximiliano Rubén,Rodríguez,Argentina,2011
244,Fabricio,Coloccini,Argentina,2011
245,Pablo Javier,Zabaleta Girod,Argentina,2011
246,David,N'Gog,France,2011
247,Nigel,de Jong,Netherlands,2011
248,Bradley Scott,Jones,Australia,2011
249,Ádám,Bogdán,Hungary,2011
250,Marcos Alberto,Angeleri,Argentina,2011
251,Christopher,Herd,Australia,2011
252,Tim,Cahill,Australia,2011
253,Mark,Davies,England,2011
254,Shay,Given,Republic of Ireland,2011
255,Richard,Dunne,Republic of Ireland,2011
256,Rafael,van der Vaart,Netherlands,2011
257,Adrián,López Rodríguez,Spain,2011
258,Robbie,Blake,England,2011
259,Marek,Cech,Slovakia,2011
260,Thomas,Vermaelen,Belgium,2011
261,Mousa Sidi Yaya,Dembélé,Belgium,2011
262,Ishmael,Miller,England,2011
263,Marvin,Sordell,England,2011
264,Darren,Fletcher,Scotland,2011
265,Aaron,Wilbraham,England,2011
266,Yves Makabu,Ma-Kalambay,Belgium,2011
267,Karl,Henry,England,2011
268,Stephen,Ireland,Republic of Ireland,2011
269,Johan Danon,Djourou-Gbadjere,Switzerland,2011
270,Brett,Emerton,Australia,2011
271,Mark,Schwarzer,Australia,2011
272,Brede,Hangeland,Norway,2011
273,Ryan,Giggs,Wales,2011
274,Marc,Tierney,England,2011
275,Tuncay Volkan,Sanli,Turkey,2011
276,Paddy,Kenny,Republic of Ireland,2011
277,Vince,Grella,Australia,2011
278,Stuart,Holden,USA,2011
279,Daniel Olusola 'Danny',Shittu,Nigeria,2011
280,Lucas,Pezzini Leiva,Brazil,2011
281,Ramires,Santos do Nascimento,Brazil,2011
282,Heurelho,da Silva Gomes,Brazil,2011
283,Connor Neil Ralph,Wickham,England,2011
284,Daniel,Gosling,England,2011
285,Matthew,Connolly,England,2011
286,Sandro,Raniere Guimarães Cordeiro,Brazil,2011
287,João,Alves de Assis Silva,Brazil,2011
288,Timothy Matthew,Howard,USA,2011
289,Anderson Luis,de Abreu Oliveira,Brazil,2011
290,André Clarindo,dos Santos,Brazil,2011
291,Gerhard,Tremmel,Germany,2011
292,Ji-Sung,Park,Korea Republic,2011
293,Alex Rodrigo,Dias da Costa,Brazil,2011
294,Sylvain,Distin,France,2011
295,Nemanja,Vidic,Serbia,2011
296,Stiliyan Alyoshev,Petrov,Bulgaria,2011
297,Martin,Petrov,Bulgaria,2011
298,Doniéber Alexander,Marangon,Brazil,2011
299,Sebastian,Usai,Australia,2011
300,Shkodran,Mustafi,Germany,2011
301,Jean André Emanuel,Beausejour Coliqueo,Chile,2011
302,Brian Edward,Murphy,Republic of Ireland,2011
303,Wesley,Hoolahan,Republic of Ireland,2011
304,Youssouf Chafiq,Mulumbu Ngangu,Congo DR,2011
305,Alexandre Dimitri,Song-Billong,Cameroon,2011
306,Stefan,Maierhofer,Austria,2011
307,Leon,Britton,England,2011
308,Bruno,de Paula Ribeiro Ingracia,Brazil,2011
309,David Marcelo,Pizarro Cortes,Chile,2011
310,Larnell James,Cole,England,2011
311,David Rhys George,Cotterill,Wales,2011
312,Jean II,Makoun,Cameroon,2011
313,Dimitar,Ivanov Berbatov,Bulgaria,2011
314,Alan,Tate,England,2011
315,Paul,Scharner,Austria,2011
316,Somen Alfred,Tchoyi,Cameroon,2011
317,Jordan,Robinson,England,2011
318,Casey,Thomas,Wales,2011
319,Tom,Donegan,England,2011
320,Vedran,Ćorluka,Croatia,2011
321,Bryan Jafet,Ruiz González,Costa Rica,2011
322,Nikica,Jelavić,Croatia,2011
323,Curtis,Obeng,England,2011
324,Salomon Armand Magloire,Kalou,Côte d'Ivoire,2011
325,Gervais Lombe Yao,Kouassi,Côte d'Ivoire,2011
326,James,Hurst,England,2011
327,Cheik Ismaël,Tioté,Côte d'Ivoire,2011
328,Didier Yves,Drogba Tébily,Côte d'Ivoire,2011
329,Kolo Habib,Touré,Côte d'Ivoire,2011
330,Niko,Kranjčar,Croatia,2011
331,Tomáš,Rosický,Czech Republic,2011
332,Marcel,Gecov,Czech Republic,2011
333,Lohoré Steve Ulrich,Gohouri,Côte d'Ivoire,2011
334,Sylvan,Ebanks-Blake,England,2011
335,Zdenek,Grygera,Czech Republic,2011
336,Radek,Cerný,Czech Republic,2011
337,Roman,Bednár,Czech Republic,2011
338,Emmanuel,Eboué,Côte d'Ivoire,2011
339,James,Spray,England,2011
340,Luis Antonio,Valencia Mosquera,Ecuador,2011
341,Nicklas,Bendtner,Denmark,2011
342,Petr,Čech,Czech Republic,2011
343,Gavin Jude,Gunning,Republic of Ireland,2011
344,Elliott,Ward,England,2011
345,Anders,Rosenkrantz Lindegaard,Denmark,2011
346,Ahmed Eissa,El Mohamady Abdel Fattah,Egypt,2011
347,Simon,Cox,Republic of Ireland,2011
348,Simeon Alexander,Jackson,Canada,2011
349,Thomas,Løvendahl Sørensen,Denmark,2011
350,Louis Mark,Laing,England,2011
351,Sanchez,Watt,England,2011
352,Kevin,Foley,Republic of Ireland,2011
353,Jermaine,Pennant,England,2011
354,Jamie,O'Hara,England,2011
355,Christian,Bjørnshøj Poulsen,Denmark,2011
356,Daniel Munthe,Agger,Denmark,2011
357,Peter,Rosenkrands Løvenkrands,Denmark,2011
358,Michael,Richardson,England,2011
359,Josh,Dawkin,Wales,2011
360,Jonathon Patrick,Flanagan,England,2011
361,Kieran James Ricardo,Gibbs,England,2011
362,Thomas Andrew,Huddlestone,England,2011
363,Fraizer,Campbell,England,2011
364,Ryan,Shawcross,England,2011
365,Darren,Bent,England,2011
366,Gabriel,Imuetinyan Agbonlahor,England,2011
367,Micah,Richards,England,2011
368,Scott,Parker,England,2011
369,Kieran,Richardson,England,2011
370,Joleon,Lescott,England,2011
371,Joey,Barton,England,2011
372,Adam,Johnson,England,2011
373,Leon,Osman,England,2011
374,Bobby,Zamora,England,2011
375,Andy,Johnson,England,2011
376,Phil,Neville,England,2011
377,Jonathan,Woodgate,England,2011
378,Danny,Murphy,England,2011
379,Zat,Knight,England,2011
380,Daniel Lee,Rose,England,2011
381,Phil Anthony,Jones,England,2011
382,Jesse Ellis,Lingard,England,2011
383,Jordan Alan,Cook,England,2011
384,Leighton,Baines,England,2011
385,Philip Nikodem,Jagielka,England,2011
386,Theo James,Walcott,England,2011
387,Thomas William,Cleverley,England,2011
388,Jack,Wilshere,England,2011
389,Andros Darryl,Townsend,England,2011
390,Ryan Dominic,Bertrand,England,2011
391,Stewart,Downing,England,2011
392,Matt,Jarvis,England,2011
393,Alan,Smith,England,2011
394,Michael,Carrick,England,2011
395,Rio,Ferdinand,England,2011
396,Paul,Scholes,England,2011
397,Jamie,Carragher,England,2011
398,Luke,Young,England,2011
399,Owen Lee,Hargreaves,England,2011
400,Daniel Andre,Sturridge,England,2011
401,Gary,Cahill,England,2011
402,Steven Vincent,Taylor,England,2011
403,Aaron,Lennon,England,2011
404,Peter,Crouch,England,2011
405,Gareth,Barry,England,2011
406,Ashley,Cole,England,2011
407,Michael,Dawson,England,2011
408,Stephen,Warnock,England,2011
409,Wes,Brown,England,2011
410,Glen,Johnson,England,2011
411,Paul,Robinson,England,2011
412,Jordan,Gibbons,England,2011
413,Michael,Owen,England,2011
414,Jermaine,Jenas,England,2011
415,Kieron,Dyer,England,2011
416,Nicky,Shorey,England,2011
417,Emile,Heskey,England,2011
418,Ledley,King,England,2011
419,Wayne,Bridge,England,2011
420,Jermain Colin,Defoe,England,2011
421,Hatem,Ben Arfa,France,2011
422,Benjamin Anthony,Foster,England,2011
423,Gunnar,Nielsen,Faroe Islands,2011
424,Jay,Bothroyd,England,2011
425,Gaël Dimitri,Clichy,France,2011
426,Bacary,Sagna,France,2011
427,John,Terry,England,2011
428,Patrice,Evra,France,2011
429,Younes,Kaboul,France,2011
430,Joe,Cole,England,2011
431,Shaun,Wright-Phillips,England,2011
432,Charles,N'Zogbia,France,2011
433,Matthew,Upson,England,2011
434,Jussi,Jääskeläinen,Finland,2011
435,Louis,Saha,France,2011
436,Mark,Gower,England,2011
437,Alex,Smith,England,2011
438,David,Dunn,England,2011
439,David,Bentley,England,2011
440,Laurent,Koscielny,France,2011
441,Stéphane,Sessègnon,Benin,2011
442,Andy Declan,Keogh,Republic of Ireland,2011
443,Jermaine,Beckford,Jamaica,2011
444,Henri,Lansbury,England,2011
445,Sébastien Aymar,Bassong Nguena,Cameroon,2011
446,James Robert,Perch,England,2011
447,Adam James,Hammill,England,2011
448,Gilles Christ,Sunu,Togo,2011
449,Andrew Lawrence,Crofts,Wales,2011
450,Marouane,Chamakh,Morocco,2011
451,Yohan,Cabaye,France,2011
452,Vassiriki Abou,Diaby,France,2011
453,Gaël,Givet-Viaros,France,2011
454,Nicolas,Anelka,France,2011
455,William,Gallas,France,2011
456,Ivan,Klasnic,Croatia,2011
457,Thierry,Henry,France,2011
458,Matthew,Ball,Northern Ireland,2011
459,Lateef,Elford-Alliyu,England,2011
460,Mauro Abel,Formica,Argentina,2011
461,Craig Leon,Eastmond,England,2011
462,Samir,Nasri,France,2011
463,Luke,Daniels,England,2011
464,Steven,Fletcher,Scotland,2011
465,Anthony Michael,Forde,Republic of Ireland,2011
466,Conor Michael,McAleny,England,2011
467,Jordan Michael,Slew,England,2011
468,Robert Paul,Lainton,England,2011
469,Kemy,Agustien,Curaçao,2011
470,Billy Steven,Knott,England,2011
471,Benoît,Assou-Ekotto,Cameroon,2011
472,Sébastien,Squillaci,France,2011
473,Gnégnéri Yaya,Touré,Côte d'Ivoire,2011
474,Leroy Halirou,Lita Bohari,England,2011
475,Peter,Ramage,England,2011
476,Ronald,Zubar,France,2011
477,Djibril,Cissé,France,2011
478,Scott,Donnelly,England,2011
479,Zac,Aley,England,2011
480,Scott,Sinclair,England,2011
481,Chukwuemeka Ademola Amachi,Aneke,England,2011
482,Liam Christian James,O'Neil,England,2011
483,Jamie Vincent Junior,Reckord,England,2011
484,Myles,Anderson,England,2011
485,Ángelo Jasiel,Balanta,Colombia,2011
486,Robert,Elliot,Republic of Ireland,2011
487,Richard James,Michael Stearman,England,2011
488,Benjamin Paul,Amos,England,2011
489,David James,Wheater,England,2011
490,Darren Antony,Pratley,England,2011
491,Paul Michael,Downing,England,2011
492,Samir Badre,Carruthers,Republic of Ireland,2011
493,Samuel Stephen,Mantom,England,2011
494,Jordan David,Mustoe,England,2011
495,Adam David,Henley,Wales,2011
496,Jernade Ronnel,Meade,Montserrat,2011
497,Blair Vincent,Adams,England,2011
498,Lee  Paul,Lucas,Wales,2011
499,Adam John,Blakeman,England,2011
500,Tamás,Kádár,Hungary,2011
501,Jay Anthony,Lynch,England,2011
502,Ryan,Bennett,England,2011
503,Jamal,Blackman,England,2011
504,Thomas James,Carroll,England,2011
505,Nathan Luke,Baker,England,2011
506,Korey Alexander,Sheridan Smith,England,2011
507,Joshua Mark,McEachran,England,2011
508,Samuel Edward,Hutchinson,England,2011
509,Elliott,Bennett,England,2011
510,Samuel Michael,Vokes,Wales,2011
511,Callum Henry,McManaman,England,2011
512,Jason John,Lowe,England,2011
513,Joshua James,Vela,England,2011
514,Cameron,Jerome,England,2011
515,Jacob Kendall,Kean,England,2011
516,Steed,Malbranque,France,2011
517,Clint,Hill,England,2011
518,Hogan,Ephraim,England,2011
519,Elvijs,Putnins,Latvia,2011
520,Rafik,Halliche,Algeria,2011
521,Bruno Miguel,Carvalho Andrade,Portugal,2011
522,Jose,Baxter,England,2011
523,Danny,Collins,Wales,2011
524,Marc-Antoine,Fortuné,France,2011
525,George Nganyuo,Elokobi,Cameroon,2011
526,Costel Fane,Pantilimon,Romania,2011
527,George,Thorne,England,2011
528,Nathan Abayomi,Delfouneso,England,2011
529,Michael,Kightly,England,2011
530,Michael Francis,O'Halloran,Scotland,2011
531,Conor,Sammon,Republic of Ireland,2011
532,Aaron Brian,Doran Cogan,Republic of Ireland,2011
533,Abdul,Razak,Côte d'Ivoire,2011
534,Steven,Roy Caulker,Sierra Leone,2011
535,Matthew Anthony,Briggs,Guyana,2011
536,Nile,Ranger,England,2011
537,Steve,Harper,England,2011
538,Troy,Hewitt,England,2011
539,Habib,Beye,Senegal,2011
540,Fabian,Delph,England,2011
541,Gylfi Þór,Sigurðsson,Iceland,2011
542,David Owen,Vaughan,Wales,2011
543,Ryan Mark,Donaldson,England,2011
544,Ashley Darel Jazz,Richards,Wales,2011
545,Mame Biram,Diouf,Senegal,2011
546,David Lowell,Davis,England,2011
547,Joseph William,Mattock,England,2011
548,Ezekiel David,Fryers,England,2011
549,David Adam,Stockdale,England,2011
550,Joshua Francis,Morris,England,2011
551,Marcello,Trotta,Italy,2011
552,Morten,Gamst Pedersen,Norway,2011
553,Vladimír,Weiss,Slovakia,2011
554,Francisco,Jiménez Tejada,Spain,2011
555,Bruno,Caldini Perone,Brazil,2011
556,Martin,Hansen,Denmark,2011
557,Hugo Diego,Arismendi Ciapparetta,Uruguay,2011
558,Kerim,Frei Koyunlu,Türkiye,2011
559,Cameron Paul,Lancaster,England,2011
560,Radosav,Petrović,Serbia,2011
561,Cristian,Ceballos Prieto,Spain,2011
562,Apostolos,Vellios,Greece,2011
563,Mohamed,Diamé,Senegal,2011
564,Shaun Benjamin,MacDonald,Wales,2011
565,Kazenga,LuaLua,Congo DR,2011
566,Samba,Diakité,Mali,2011
567,Anthony Mbu,Agogo Modeste,France,2011
568,Alexander,Kačaniklić,Sweden,2011
569,Daniel Stephen,Redmond,England,2011
570,Daniel Mark,Alfei,Wales,2011
571,Magaye Serigne Falilou Dit Nel,Gueye,Senegal,2011
572,Aaron,McCarey,Republic of Ireland,2011
573,Antolín,Alcáraz Viveros,Paraguay,2011
574,Roque Luis,Santa Cruz Cantero,Paraguay,2011
575,Ruaridhri,Donnelly,Northern Ireland,2011
576,Gabriel Sebastian,Tamaș,Romania,2011
577,Florent,Malouda,French Guiana,2011
578,Johnny,Gorman,Northern Ireland,2011
579,Luca,Scapuzzi,Italy,2011
580,James Philip,Milner,England,2011
581,Raheem Shaquille,Sterling,England,2011
582,Daniel Nii,Tackie Mensah Welbeck,England,2011
583,Marcos,Alonso Mendoza,Spain,2011
584,Ross,Barkley,England,2011
585,Łukasz Marek,Fabiański,Poland,2011
586,Ryan,Marlowe Fredericks,England,2011
587,Adam James,Smith,England,2011
588,Paul,Dummett,Wales,2011
589,Fraser Gerard,Forster,England,2011
590,Oriol,Romeu Vidal,Spain,2011
591,Marcus,Bettinelli,England,2011
592,Timothy Michael,Ream,USA,2011
593,Craig,Dawson,England,2011
594,Jack,Robinson,England,2011
595,Graham Dylan,Burke,Republic of Ireland,2011
596,Jack Christian,Rodwell,England,2011
597,Damián Emiliano,Martínez Romero,Argentina,2011
598,Bradden,Inman,Australia,2011
599,Mark Gerard,Connolly,Republic of Ireland,2011
600,Christopher Lloyd,Smalling,England,2011
601,Ashley Simon,Young,England,2011
602,Paul Labile,Pogba,France,2011
603,Francis Joseph,Coquelin,France,2011
604,Scott,Allan,Scotland,2011
605,Carl Daniel,Jenkinson,England,2011
606,Denis,Suárez Fernández,Spain,2011
607,José Manuel,Reina Páez,Spain,2011
608,Oğuzhan,Özyakup,Türkiye,2011
609,Michael Vincent,Keane,England,2011
610,Eggert Gunnþór,Jónsson,Iceland,2011
611,Séamus,Coleman,Republic of Ireland,2011
612,Patrick John Miguel,van Aanholt,Netherlands,2011
613,Alex David,Pritchard,England,2011
614,Timothy Michael,Krul,Netherlands,2011
615,Adlène,Guédioura,Algeria,2011
616,Royston Ricky,Drenthe,Netherlands,2011
617,Marnick Danny Ingrid,Vermijl,Belgium,2011
618,Ignasi,Miquel Pons,Spain,2011
619,Vito,Mannone,Italy,2011
620,Adel,Taarabt,Morocco,2011
621,Massimo Corey,Luongo,Australia,2011
622,Shane Thomas,Lowry,Australia,2011
623,Conor David,Coady,England,2011
624,Marc Kevin,Albrighton,England,2011
625,Asmir,Begović,Bosnia and Herzegovina,2011
626,Robert,Brady,Republic of Ireland,2011
627,Jonathan Lee,Hogg,England,2011
628,Jake Cyril,Livermore,England,2011
629,Jonathan Mark,Howson,England,2011
630,Jack Raymond,Colback,England,2011
631,Kyle,Naughton,England,2011
632,Romaine Theodore,Sawyers,St. Kitts and Nevis,2011
633,Barry Ryan,Bannan,Scotland,2011
634,Nouha,Dicko,Mali,2011
635,Joseph Michael,Allen,Wales,2011
636,Shane Kevin,Ferguson,Northern Ireland,2011
637,Thomas James,Eaves,England,2011
638,Karim,Rekik,Netherlands,2011
639,Darryl Hérold,Goulon,France,2011
640,Luis Alberto,Suárez Díaz,Uruguay,2011
641,Rafael,Pereira da Silva,Brazil,2011
642,David Luiz,Moreira Marinho,Brazil,2011
643,Chung-Yong,Lee,Korea Republic,2011
644,Dong-Won,Ji,Korea Republic,2011
645,Lee Anthony,Nicholls,England,2011
646,John Thomas Gordon,Ruddy,England,2011
647,Nathaniel Nyakie,Chalobah,England,2011
648,Andrew Thomas,Carroll,England,2011
649,Martin Ronald,Kelly,England,2011
650,Neil Leonard,Dula Etheridge,Philippines,2011
651,Grant,Campbell Hanley,Scotland,2011
652,Adam John,Forshaw,England,2011
653,Andreas,Weimann,Austria,2011
654,Daniel Anthony,Johnson,Jamaica,2011
655,Gary,Gardner,England,2011
656,Fábio,Pereira da Silva,Brazil,2011
657,Chu-Young,Park,Korea Republic,2011
658,Gaël Romeo,Kakuta Mambenga,Congo DR,2011
659,Pajtim,Kasami,Switzerland,2011
660,Alexander Mark David,Oxlade-Chamberlain,England,2011
661,Steven N'Kemboanza Mike Christ,Nzonzi,France,2011
662,Edin,Džeko,Bosnia and Herzegovina,2011
663,Juan Manuel,Mata García,Spain,2011
664,Victor,Moses,Nigeria,2011
665,Sebastián,Coates Nión,Uruguay,2011
666,Mario,Barwuah Balotelli,Italy,2011
667,Javier,Hernández Balcázar,Mexico,2011
668,Jonjo,Shelvey,England,2011
669,David Junior Wayne,Hoilett,Canada,2011
670,Derrick Shaun,Williams,Republic of Ireland,2011
671,Mehdi,Abeid,Algeria,2011
672,Ryo,Miyaichi,Japan,2011
673,Federico,Macheda,Italy,2011
674,Haris,Vučkić,Slovenia,2011
675,Ravel Ryan,Morrison,Jamaica,2011
676,Bradley Edwin,Guzan,USA,2011
677,Luís Carlos,Almeida da Cunha,Portugal,2011
678,Daniel John,Wilson,Scotland,2011
679,Jack Alexander,Price,England,2011
680,Simon Luc Hildebert,Mignolet,Belgium,2011
681,Luka,Modrić,Croatia,2011
682,Wojciech Tomasz,Szczęsny,Poland,2011
683,Romelu Menama,Lukaku Bolingoli,Belgium,2011
684,Anga Dedryck,Boyata,Belgium,2011
685,Aaron James,Ramsey,Wales,2011
686,Gonzalo Alejandro,Jara Reyes,Chile,2011
687,Ritchie Ria Alfons,De Laet,Belgium,2011
688,Nicholas Harry,Yennaris,China PR,2011
689,Marouane,Fellaini-Bakkioui,Belgium,2011
690,Matthew James,Doherty,Republic of Ireland,2011
691,Wayne Robert,Hennessey,Wales,2011
692,Shane Patrick Michael,Duffy,Republic of Ireland,2011
693,John,Egan,Republic of Ireland,2011
694,Enda John,Stevens,Republic of Ireland,2011
695,James Joseph,McClean,Republic of Ireland,2011
696,William David,Keane,Republic of Ireland,2011
697,Iago,Falqué Silva,Spain,2011
698,Franco Matías,Di Santo,Argentina,2011
699,Hugo,Rodallega Martínez,Colombia,2011
700,Stefan,Savić,Montenegro,2011
701,Harry Edward,Kane,England,2011
702,Jordan Brian,Henderson,England,2011
703,Kyle Andrew,Walker,England,2011
704,Craig Sinclair,Gordon,Scotland,2011
705,Péter,Gulácsi,Hungary,2011
706,James Henry,Tavernier,England,2011
707,James Patrick,McCarthy,Republic of Ireland,2011
708,Jonathan Grant,Evans,Northern Ireland,2011
709,Charles Joseph John,Hart,England,2011
710,Kemar,Roofe,Jamaica,2011
711,Jack Peter,Grealish,England,2011
712,Martin Tony Waikwa,Olsson,Sweden,2011
713,Trevor,Carson,Northern Ireland,2011
714,Gabriel Antoine,Obertan,France,2011
715,Marcus Jonas,Munuhe Olsson,Sweden,2011
