,full_name,team_name,season
0,Petr Cech,Chelsea,2005
1,Petr Cech,Czech Republic,2005
2,Wayne Bridge,Chelsea,2005
3,Wayne Bridge,England,2005
4,Yves Makabu-Makalambay,Chelsea,2005
5,Yves Makabu-Makalambay,DR Congo,2005
6,Glen Johnson,Chelsea,2005
7,Glen Johnson,England,2005
8,Paulo Ferreira,Chelsea,2005
9,Paulo Ferreira,Portugal,2005
10,Ricardo Carvalho,Chelsea,2005
11,Ricardo Carvalho,Portugal,2005
12,John Terry,Chelsea,2005
13,John Terry,England,2005
14,Joe Cole,Chelsea,2005
15,Joe Cole,England,2005
16,Lassana Diarra,Chelsea,2005
17,Lassana Diarra,France,2005
18,Damien Duff,Chelsea,2005
19,Damien Duff,Ireland,2005
20,Michael Essien,Chelsea,2005
21,Michael Essien,Ghana,2005
22,Njitap Geremi,Chelsea,2005
23,Njitap Geremi,Cameroon,2005
24,Frank Lampard,Chelsea,2005
25,Frank Lampard,England,2005
26,Maniche,Chelsea,2005
27,Maniche,Portugal,2005
28,Carlton Cole,Chelsea,2005
29,Carlton Cole,England,2005
30,Didier Drogba,Chelsea,2005
31,Didier Drogba,Cote d'Ivoire,2005
32,Carlo Cudicini,Chelsea,2005
33,Carlo Cudicini,Italy,2005
34,Hernán Crespo,Chelsea,2005
35,Hernán Crespo,Argentina,2005
36,Lenny Pidgeley,Chelsea,2005
37,Lenny Pidgeley,England,2005
38,Asier del Horno,Chelsea,2005
39,Asier del Horno,Spain,2005
40,Eidur Gudjohnsen,Chelsea,2005
41,Eidur Gudjohnsen,Iceland,2005
42,William Gallas,Chelsea,2005
43,William Gallas,France,2005
44,Robert Huth,Chelsea,2005
45,Robert Huth,Germany,2005
46,Claude Makélélé,Chelsea,2005
47,Claude Makélélé,France,2005
48,Arjen Robben,Chelsea,2005
49,Arjen Robben,Netherlands,2005
50,Shaun Wright-Phillips,Chelsea,2005
51,Shaun Wright-Phillips,England,2005
52,Tiago Mendes,Chelsea,2005
53,Tiago Mendes,Portugal,2005
54,Filipe Morais,Chelsea,2005
55,Filipe Morais,Portugal,2005
56,Michael Mancienne,Chelsea,2005
57,Michael Mancienne,Seychelles,2005
58,Jimmy Smith,Chelsea,2005
59,Jimmy Smith,England,2005
60,Louis Saha,Man Utd,2005
61,Louis Saha,France,2005
62,Ruud van Nistelrooy,Man Utd,2005
63,Ruud van Nistelrooy,Netherlands,2005
64,Edwin van der Sar,Man Utd,2005
65,Edwin van der Sar,Netherlands,2005
66,Gabriel Heinze,Man Utd,2005
67,Gabriel Heinze,Argentina,2005
68,Rio Ferdinand,Man Utd,2005
69,Rio Ferdinand,England,2005
70,Gary Neville,Man Utd,2005
71,Gary Neville,England,2005
72,Wayne Rooney,Man Utd,2005
73,Wayne Rooney,England,2005
74,Cristiano Ronaldo,Man Utd,2005
75,Cristiano Ronaldo,Portugal,2005
76,Mikaël Silvestre,Man Utd,2005
77,Mikaël Silvestre,France,2005
78,Tim Howard,Man Utd,2005
79,Tim Howard,United States,2005
80,Wes Brown,Man Utd,2005
81,Wes Brown,England,2005
82,Alan Smith,Man Utd,2005
83,Alan Smith,England,2005
84,Darren Fletcher,Man Utd,2005
85,Darren Fletcher,Scotland,2005
86,Nemanja Vidic‎,Man Utd,2005
87,Nemanja Vidic‎,Serbia,2005
88,Ji-sung Park,Man Utd,2005
89,Ji-sung Park,"Korea, South",2005
90,Kieran Richardson,Man Utd,2005
91,Kieran Richardson,England,2005
92,Patrice Evra,Man Utd,2005
93,Patrice Evra,France,2005
94,Phil Bardsley,Man Utd,2005
95,Phil Bardsley,Scotland,2005
96,John O'Shea,Man Utd,2005
97,John O'Shea,Ireland,2005
98,Ryan Giggs,Man Utd,2005
99,Ryan Giggs,Wales,2005
100,Roy Keane,Man Utd,2005
101,Roy Keane,Ireland,2005
102,Paul Scholes,Man Utd,2005
103,Paul Scholes,England,2005
104,Liam Miller,Man Utd,2005
105,Liam Miller,Ireland,2005
106,Gerard Piqué,Man Utd,2005
107,Gerard Piqué,Spain,2005
108,Giuseppe Rossi,Man Utd,2005
109,Giuseppe Rossi,Italy,2005
110,Ole Gunnar Solskjaer,Man Utd,2005
111,Ole Gunnar Solskjaer,Norway,2005
112,Quinton Fortune,Man Utd,2005
113,Quinton Fortune,South Africa,2005
114,Luke Steele,Man Utd,2005
115,Luke Steele,England,2005
116,Ritchie Jones,Man Utd,2005
117,Ritchie Jones,England,2005
118,Adam Eckersley,Man Utd,2005
119,Adam Eckersley,England,2005
120,Lee Martin,Man Utd,2005
121,Lee Martin,England,2005
122,Darron Gibson,Man Utd,2005
123,Darron Gibson,Ireland,2005
124,Sylvan Ebanks-Blake,Man Utd,2005
125,Sylvan Ebanks-Blake,England,2005
126,Fraizer Campbell,Man Utd,2005
127,Fraizer Campbell,England,2005
128,Pepe Reina,Liverpool,2005
129,Pepe Reina,Spain,2005
130,Sami Hyypiä,Liverpool,2005
131,Sami Hyypiä,Finland,2005
132,John Arne Riise,Liverpool,2005
133,John Arne Riise,Norway,2005
134,Jamie Carragher,Liverpool,2005
135,Jamie Carragher,England,2005
136,Harry Kewell,Liverpool,2005
137,Harry Kewell,Australia,2005
138,Steven Gerrard,Liverpool,2005
139,Steven Gerrard,England,2005
140,Luis García,Liverpool,2005
141,Luis García,Spain,2005
142,Djimi Traoré,Liverpool,2005
143,Djimi Traoré,Mali,2005
144,Steve Finnan,Liverpool,2005
145,Steve Finnan,Ireland,2005
146,Mohamed Sissoko,Liverpool,2005
147,Mohamed Sissoko,Mali,2005
148,Peter Crouch,Liverpool,2005
149,Peter Crouch,England,2005
150,Djibril Cissé,Liverpool,2005
151,Djibril Cissé,France,2005
152,Fernando Morientes,Liverpool,2005
153,Fernando Morientes,Spain,2005
154,David Martin,Liverpool,2005
155,David Martin,England,2005
156,Jerzy Dudek,Liverpool,2005
157,Jerzy Dudek,Poland,2005
158,Daniel Agger,Liverpool,2005
159,Daniel Agger,Denmark,2005
160,Antonio Barragán,Liverpool,2005
161,Antonio Barragán,Spain,2005
162,Jan Kromkamp,Liverpool,2005
163,Jan Kromkamp,Netherlands,2005
164,Miki Roqué,Liverpool,2005
165,Miki Roqué,Spain,2005
166,David Raven,Liverpool,2005
167,David Raven,England,2005
168,Salif Diao,Liverpool,2005
169,Salif Diao,Senegal,2005
170,Dietmar Hamann,Liverpool,2005
171,Dietmar Hamann,Germany,2005
172,Besian Idrizaj,Liverpool,2005
173,Besian Idrizaj,Austria,2005
174,David Mannix,Liverpool,2005
175,David Mannix,England,2005
176,Darren Potter,Liverpool,2005
177,Darren Potter,Ireland,2005
178,Stephen Warnock,Liverpool,2005
179,Stephen Warnock,England,2005
180,Boudewijn Zenden,Liverpool,2005
181,Boudewijn Zenden,Netherlands,2005
182,Robbie Fowler,Liverpool,2005
183,Robbie Fowler,England,2005
184,Xabi Alonso,Liverpool,2005
185,Xabi Alonso,Spain,2005
186,Scott Carson,Liverpool,2005
187,Scott Carson,England,2005
188,Florent Sinama-Pongolle,Liverpool,2005
189,Florent Sinama-Pongolle,France,2005
190,Josemi,Liverpool,2005
191,Josemi,Spain,2005
192,Milan Baros,Liverpool,2005
193,Milan Baros,Czech Republic,2005
194,Anthony Le Tallec,Liverpool,2005
195,Anthony Le Tallec,France,2005
196,Carl Medjani,Liverpool,2005
197,Carl Medjani,Algeria,2005
198,Zak Whitbread,Liverpool,2005
199,Zak Whitbread,United States,2005
200,Paul Anderson,Liverpool,2005
201,Paul Anderson,England,2005
202,Thierry Henry,Arsenal,2005
203,Thierry Henry,France,2005
204,Gilberto Silva,Arsenal,2005
205,Gilberto Silva,Brazil,2005
206,Manuel Almunia,Arsenal,2005
207,Manuel Almunia,Spain,2005
208,Jens Lehmann,Arsenal,2005
209,Jens Lehmann,Germany,2005
210,Mart Poom,Arsenal,2005
211,Mart Poom,Estonia,2005
212,Sol Campbell,Arsenal,2005
213,Sol Campbell,England,2005
214,Gaël Clichy,Arsenal,2005
215,Gaël Clichy,France,2005
216,Ashley Cole,Arsenal,2005
217,Ashley Cole,England,2005
218,Pascal Cygan,Arsenal,2005
219,Pascal Cygan,France,2005
220,Johan Djourou,Arsenal,2005
221,Johan Djourou,Switzerland,2005
222,Emmanuel Eboué,Arsenal,2005
223,Emmanuel Eboué,Cote d'Ivoire,2005
224,Philippe Senderos,Arsenal,2005
225,Philippe Senderos,Switzerland,2005
226,Alex Song,Arsenal,2005
227,Alex Song,Cameroon,2005
228,Kolo Touré,Arsenal,2005
229,Kolo Touré,Cote d'Ivoire,2005
230,Abou Diaby,Arsenal,2005
231,Abou Diaby,France,2005
232,Cesc Fàbregas,Arsenal,2005
233,Cesc Fàbregas,Spain,2005
234,Mathieu Flamini,Arsenal,2005
235,Mathieu Flamini,France,2005
236,Aleksandr Hleb,Arsenal,2005
237,Aleksandr Hleb,Belarus,2005
238,Sebastian Larsson,Arsenal,2005
239,Sebastian Larsson,Sweden,2005
240,Laurén,Arsenal,2005
241,Laurén,Cameroon,2005
242,Freddie Ljungberg,Arsenal,2005
243,Freddie Ljungberg,Sweden,2005
244,Robert Pirès,Arsenal,2005
245,Robert Pirès,France,2005
246,Emmanuel Adebayor,Arsenal,2005
247,Emmanuel Adebayor,Togo,2005
248,Dennis Bergkamp,Arsenal,2005
249,Dennis Bergkamp,Netherlands,2005
250,José Antonio Reyes,Arsenal,2005
251,José Antonio Reyes,Spain,2005
252,Robin van Persie,Arsenal,2005
253,Robin van Persie,Netherlands,2005
254,Theo Walcott,Arsenal,2005
255,Theo Walcott,England,2005
256,Justin Hoyte,Arsenal,2005
257,Justin Hoyte,Trinidad and Tobago,2005
258,Mark Howard,Arsenal,2005
259,Mark Howard,England,2005
260,Kerrea Gilbert,Arsenal,2005
261,Kerrea Gilbert,England,2005
262,Nicklas Bendtner,Arsenal,2005
263,Nicklas Bendtner,Denmark,2005
264,Quincy Owusu-Abeyie,Arsenal,2005
265,Quincy Owusu-Abeyie,Ghana,2005
266,Arturo Lupoli,Arsenal,2005
267,Arturo Lupoli,Italy,2005
268,Matthew Connolly,Arsenal,2005
269,Matthew Connolly,England,2005
270,Patrick Cregg,Arsenal,2005
271,Patrick Cregg,Ireland,2005
272,Fabrice Muamba,Arsenal,2005
273,Fabrice Muamba,England,2005
274,Anthony Stokes,Arsenal,2005
275,Anthony Stokes,Ireland,2005
276,Paul Robinson,Tottenham,2005
277,Paul Robinson,England,2005
278,Aaron Lennon,Tottenham,2005
279,Aaron Lennon,England,2005
280,Michael Carrick,Tottenham,2005
281,Michael Carrick,England,2005
282,Grzegorz Rasiak,Tottenham,2005
283,Grzegorz Rasiak,Poland,2005
284,Radek Cerny,Tottenham,2005
285,Radek Cerny,Czech Republic,2005
286,Young-pyo Lee,Tottenham,2005
287,Young-pyo Lee,"Korea, South",2005
288,Edgar Davids,Tottenham,2005
289,Edgar Davids,Netherlands,2005
290,Noé Pamarot,Tottenham,2005
291,Noé Pamarot,France,2005
292,Teemu Tainio,Tottenham,2005
293,Teemu Tainio,Finland,2005
294,Michael Dawson,Tottenham,2005
295,Michael Dawson,England,2005
296,Danny Murphy,Tottenham,2005
297,Danny Murphy,England,2005
298,Ledley King,Tottenham,2005
299,Ledley King,England,2005
300,Andy Reid,Tottenham,2005
301,Andy Reid,Ireland,2005
302,Tom Huddlestone,Tottenham,2005
303,Tom Huddlestone,England,2005
304,Anthony Gardner,Tottenham,2005
305,Anthony Gardner,England,2005
306,Jermaine Jenas,Tottenham,2005
307,Jermaine Jenas,England,2005
308,Johnnie Jackson,Tottenham,2005
309,Johnnie Jackson,England,2005
310,Michael Brown,Tottenham,2005
311,Michael Brown,England,2005
312,Calum Davenport,Tottenham,2005
313,Calum Davenport,England,2005
314,Pedro Mendes,Tottenham,2005
315,Pedro Mendes,Portugal,2005
316,Frédéric Kanouté,Tottenham,2005
317,Frédéric Kanouté,Mali,2005
318,Robbie Keane,Tottenham,2005
319,Robbie Keane,Ireland,2005
320,Mido,Tottenham,2005
321,Mido,Egypt,2005
322,Jermain Defoe,Tottenham,2005
323,Jermain Defoe,England,2005
324,Wayne Routledge,Tottenham,2005
325,Wayne Routledge,England,2005
326,Lee Barnard,Tottenham,2005
327,Lee Barnard,England,2005
328,Noureddine Naybet,Tottenham,2005
329,Noureddine Naybet,Morocco,2005
330,Stephen Kelly,Tottenham,2005
331,Stephen Kelly,Ireland,2005
332,Paul Stalteri,Tottenham,2005
333,Paul Stalteri,Canada,2005
334,Erik Edman,Tottenham,2005
335,Erik Edman,Sweden,2005
336,Goran Bunjevcevic,Tottenham,2005
337,Goran Bunjevcevic,Serbia,2005
338,Sean Davis,Tottenham,2005
339,Sean Davis,England,2005
340,Brett Emerton,Blackburn,2005
341,Brett Emerton,Australia,2005
342,Lucas Neill,Blackburn,2005
343,Lucas Neill,Australia,2005
344,Peter Enckelman,Blackburn,2005
345,Peter Enckelman,Finland,2005
346,Brad Friedel,Blackburn,2005
347,Brad Friedel,United States,2005
348,Lorenzo Amoruso,Blackburn,2005
349,Lorenzo Amoruso,Italy,2005
350,Zurab Khizanishvili,Blackburn,2005
351,Zurab Khizanishvili,Georgia,2005
352,Aaron Mokoena,Blackburn,2005
353,Aaron Mokoena,South Africa,2005
354,Florent Sinama-Pongolle,Blackburn,2005
355,Florent Sinama-Pongolle,France,2005
356,Shefki Kuqi,Blackburn,2005
357,Shefki Kuqi,Finland,2005
358,Paul Dickov,Blackburn,2005
359,Paul Dickov,Scotland,2005
360,Craig Bellamy,Blackburn,2005
361,Craig Bellamy,Wales,2005
362,David Bentley,Blackburn,2005
363,David Bentley,England,2005
364,Garry Flitcroft,Blackburn,2005
365,Garry Flitcroft,England,2005
366,Paul Gallagher,Blackburn,2005
367,Paul Gallagher,Scotland,2005
368,Michael Gray,Blackburn,2005
369,Michael Gray,England,2005
370,Vratislav Gresko,Blackburn,2005
371,Vratislav Gresko,Slovakia,2005
372,Matt Jansen,Blackburn,2005
373,Matt Jansen,England,2005
374,Jemal Johnson,Blackburn,2005
375,Jemal Johnson,United States,2005
376,Dominic Matteo,Blackburn,2005
377,Dominic Matteo,Scotland,2005
378,Ryan Nelsen,Blackburn,2005
379,Ryan Nelsen,New Zealand,2005
380,Morten Gamst Pedersen,Blackburn,2005
381,Morten Gamst Pedersen,Norway,2005
382,Sergio Peter,Blackburn,2005
383,Sergio Peter,Germany,2005
384,Steven Reid,Blackburn,2005
385,Steven Reid,Ireland,2005
386,Robbie Savage,Blackburn,2005
387,Robbie Savage,Wales,2005
388,David Thompson,Blackburn,2005
389,David Thompson,England,2005
390,Andy Todd,Blackburn,2005
391,Andy Todd,England,2005
392,Tugay Kerimoglu,Blackburn,2005
393,Tugay Kerimoglu,Turkey,2005
394,Shay Given,Newcastle,2005
395,Shay Given,Ireland,2005
396,Stephen Carr,Newcastle,2005
397,Stephen Carr,Ireland,2005
398,Robbie Elliott,Newcastle,2005
399,Robbie Elliott,England,2005
400,Peter Ramage,Newcastle,2005
401,Peter Ramage,England,2005
402,Celestine Babayaro,Newcastle,2005
403,Celestine Babayaro,Nigeria,2005
404,Nolberto Solano,Newcastle,2005
405,Nolberto Solano,Peru,2005
406,Kieron Dyer,Newcastle,2005
407,Kieron Dyer,England,2005
408,Lee Bowyer,Newcastle,2005
409,Lee Bowyer,England,2005
410,Scott Parker,Newcastle,2005
411,Scott Parker,England,2005
412,Alan Shearer,Newcastle,2005
413,Alan Shearer,England,2005
414,Shola Ameobi,Newcastle,2005
415,Shola Ameobi,Nigeria,2005
416,Craig Moore,Newcastle,2005
417,Craig Moore,Australia,2005
418,Emre Belözoglu,Newcastle,2005
419,Emre Belözoglu,Turkey,2005
420,Michael Owen,Newcastle,2005
421,Michael Owen,England,2005
422,Jean-Alain Boumsong,Newcastle,2005
423,Jean-Alain Boumsong,France,2005
424,Steve Harper,Newcastle,2005
425,Steve Harper,England,2005
426,Titus Bramble,Newcastle,2005
427,Titus Bramble,England,2005
428,Steven Taylor,Newcastle,2005
429,Steven Taylor,England,2005
430,Charles N'Zogbia,Newcastle,2005
431,Charles N'Zogbia,France,2005
432,Amdy Faye,Newcastle,2005
433,Amdy Faye,Senegal,2005
434,Lee Clark,Newcastle,2005
435,Lee Clark,England,2005
436,Matthew Pattison,Newcastle,2005
437,Matthew Pattison,South Africa,2005
438,Alan O'Brien,Newcastle,2005
439,Alan O'Brien,Ireland,2005
440,Albert Luque,Newcastle,2005
441,Albert Luque,Spain,2005
442,Michael Chopra,Newcastle,2005
443,Michael Chopra,England,2005
444,James Milner,Newcastle,2005
445,James Milner,England,2005
446,Jermaine Jenas,Newcastle,2005
447,Jermaine Jenas,England,2005
448,Nicky Butt,Newcastle,2005
449,Nicky Butt,England,2005
450,Tony Caig,Newcastle,2005
451,Tony Caig,England,2005
452,Martin Brittain,Newcastle,2005
453,Martin Brittain,England,2005
454,Kris Gate,Newcastle,2005
455,Kris Gate,England,2005
456,Paul Huntington,Newcastle,2005
457,Paul Huntington,England,2005
458,Radhi Jaïdi,Bolton,2005
459,Radhi Jaïdi,Tunisia,2005
460,Stelios Giannakopoulos,Bolton,2005
461,Stelios Giannakopoulos,Greece,2005
462,Hidetoshi Nakata,Bolton,2005
463,Hidetoshi Nakata,Japan,2005
464,Jared Borgetti,Bolton,2005
465,Jared Borgetti,Mexico,2005
466,Sam Ashton,Bolton,2005
467,Sam Ashton,England,2005
468,Gary Speed,Bolton,2005
469,Gary Speed,Wales,2005
470,Ricardo Vaz Tê,Bolton,2005
471,Ricardo Vaz Tê,Portugal,2005
472,Iván Campo,Bolton,2005
473,Iván Campo,Spain,2005
474,Ian Walker,Bolton,2005
475,Ian Walker,England,2005
476,Kevin Davies,Bolton,2005
477,Kevin Davies,England,2005
478,Ali Al-Habsi,Bolton,2005
479,Ali Al-Habsi,Oman,2005
480,El Hadji Diouf,Bolton,2005
481,El Hadji Diouf,Senegal,2005
482,Martin Djetou,Bolton,2005
483,Martin Djetou,France,2005
484,Khalilou Fadiga,Bolton,2005
485,Khalilou Fadiga,Senegal,2005
486,Abdoulaye Faye,Bolton,2005
487,Abdoulaye Faye,Senegal,2005
488,Fabrice Fernandes,Bolton,2005
489,Fabrice Fernandes,France,2005
490,Jaroslaw Fojut,Bolton,2005
491,Jaroslaw Fojut,Poland,2005
492,Ricardo Gardner,Bolton,2005
493,Ricardo Gardner,Jamaica,2005
494,Nicky Hunt,Bolton,2005
495,Nicky Hunt,England,2005
496,Jussi Jääskeläinen,Bolton,2005
497,Jussi Jääskeläinen,Finland,2005
498,Matt Jansen,Bolton,2005
499,Matt Jansen,England,2005
500,Bruno N'Gotty,Bolton,2005
501,Bruno N'Gotty,France,2005
502,Kevin Nolan,Bolton,2005
503,Kevin Nolan,England,2005
504,Joey O'Brien,Bolton,2005
505,Joey O'Brien,Ireland,2005
506,Jay-Jay Okocha,Bolton,2005
507,Jay-Jay Okocha,Nigeria,2005
508,Henrik Pedersen,Bolton,2005
509,Henrik Pedersen,Denmark,2005
510,Robert Sissons,Bolton,2005
511,Robert Sissons,England,2005
512,Tal Ben Haim,Bolton,2005
513,Tal Ben Haim,Israel,2005
514,El-Hadji Diouf,Bolton,2005
515,El-Hadji Diouf,Senegal,2005
516,Chris Howarth,Bolton,2005
517,Chris Howarth,England,2005
518,Bédi Buval,Bolton,2005
519,Bédi Buval,Martinique,2005
520,James Sinclair,Bolton,2005
521,James Sinclair,England,2005
522,Stephen Bywater,West Ham,2005
523,Stephen Bywater,England,2005
524,Dean Ashton,West Ham,2005
525,Dean Ashton,England,2005
526,Roy Carroll,West Ham,2005
527,Roy Carroll,Northern Ireland,2005
528,Marlon Harewood,West Ham,2005
529,Marlon Harewood,England,2005
530,Shaka Hislop,West Ham,2005
531,Shaka Hislop,Trinidad and Tobago,2005
532,Yaniv Katan,West Ham,2005
533,Yaniv Katan,Israel,2005
534,Jimmy Walker,West Ham,2005
535,Jimmy Walker,England,2005
536,Teddy Sheringham,West Ham,2005
537,Teddy Sheringham,England,2005
538,Clive Clarke,West Ham,2005
539,Clive Clarke,Ireland,2005
540,Bobby Zamora,West Ham,2005
541,Bobby Zamora,England,2005
542,James Collins,West Ham,2005
543,James Collins,Wales,2005
544,Christian Dailly,West Ham,2005
545,Christian Dailly,Scotland,2005
546,Anton Ferdinand,West Ham,2005
547,Anton Ferdinand,England,2005
548,Danny Gabbidon,West Ham,2005
549,Danny Gabbidon,Wales,2005
550,Paul Konchesky,West Ham,2005
551,Paul Konchesky,England,2005
552,Yossi Benayoun,West Ham,2005
553,Yossi Benayoun,Israel,2005
554,Hogan Ephraim,West Ham,2005
555,Hogan Ephraim,England,2005
556,Matthew Etherington,West Ham,2005
557,Matthew Etherington,England,2005
558,Carl Fletcher,West Ham,2005
559,Carl Fletcher,Wales,2005
560,Hayden Mullins,West Ham,2005
561,Hayden Mullins,England,2005
562,Shaun Newton,West Ham,2005
563,Shaun Newton,England,2005
564,Mark Noble,West Ham,2005
565,Mark Noble,England,2005
566,Kyel Reid,West Ham,2005
567,Kyel Reid,England,2005
568,Nigel Reo-Coker,West Ham,2005
569,Nigel Reo-Coker,England,2005
570,Lionel Scaloni,West Ham,2005
571,Lionel Scaloni,Argentina,2005
572,Tomas Repka,West Ham,2005
573,Tomas Repka,Czech Republic,2005
574,David Bellion,West Ham,2005
575,David Bellion,France,2005
576,Jérémie Aliadière,West Ham,2005
577,Jérémie Aliadière,France,2005
578,Chris Cohen,West Ham,2005
579,Chris Cohen,England,2005
580,Elliott Ward,West Ham,2005
581,Elliott Ward,England,2005
582,Gavin Williams,West Ham,2005
583,Gavin Williams,Wales,2005
584,Tony Stokes,West Ham,2005
585,Tony Stokes,England,2005
586,Matthew Reed,West Ham,2005
587,Matthew Reed,England,2005
588,Mike Pollitt,Wigan,2005
589,Mike Pollitt,England,2005
590,David Connolly,Wigan,2005
591,David Connolly,Ireland,2005
592,Pascal Chimbonda,Wigan,2005
593,Pascal Chimbonda,Guadeloupe,2005
594,Josip Skoko,Wigan,2005
595,Josip Skoko,Australia,2005
596,Stéphane Henchoz,Wigan,2005
597,Stéphane Henchoz,Switzerland,2005
598,Arjan de Zeeuw,Wigan,2005
599,Arjan de Zeeuw,Netherlands,2005
600,Paul Scharner,Wigan,2005
601,Paul Scharner,Austria,2005
602,Leighton Baines,Wigan,2005
603,Leighton Baines,England,2005
604,Graham Kavanagh,Wigan,2005
605,Graham Kavanagh,Ireland,2005
606,Gary Teale,Wigan,2005
607,Gary Teale,Scotland,2005
608,Jimmy Bullard,Wigan,2005
609,Jimmy Bullard,England,2005
610,Henri Camara,Wigan,2005
611,Henri Camara,Senegal,2005
612,Jason Roberts,Wigan,2005
613,Jason Roberts,Grenada,2005
614,John Filan,Wigan,2005
615,John Filan,Australia,2005
616,Reto Ziegler,Wigan,2005
617,Reto Ziegler,Switzerland,2005
618,Lee McCulloch,Wigan,2005
619,Lee McCulloch,Scotland,2005
620,Alan Mahon,Wigan,2005
621,Alan Mahon,Ireland,2005
622,Damien Francis,Wigan,2005
623,Damien Francis,Jamaica,2005
624,Andreas Johansson,Wigan,2005
625,Andreas Johansson,Sweden,2005
626,Steve McMillan,Wigan,2005
627,Steve McMillan,Scotland,2005
628,Ryan Taylor,Wigan,2005
629,Ryan Taylor,England,2005
630,Matt Jackson,Wigan,2005
631,Matt Jackson,England,2005
632,Gary Walsh,Wigan,2005
633,Gary Walsh,England,2005
634,Luke Joyce,Wigan,2005
635,Luke Joyce,England,2005
636,Neil Mellor,Wigan,2005
637,Neil Mellor,England,2005
638,Émerson Thome,Wigan,2005
639,Émerson Thome,Brazil,2005
640,David Thompson,Wigan,2005
641,David Thompson,England,2005
642,David Wright,Wigan,2005
643,David Wright,England,2005
644,Kevin Lee,Wigan,2005
645,Kevin Lee,England,2005
646,Joey Waterhouse,Wigan,2005
647,Joey Waterhouse,England,2005
648,Nigel Martyn,Everton,2005
649,Nigel Martyn,England,2005
650,David Weir,Everton,2005
651,David Weir,Scotland,2005
652,Joseph Yobo,Everton,2005
653,Joseph Yobo,Nigeria,2005
654,Matteo Ferrari,Everton,2005
655,Matteo Ferrari,Italy,2005
656,Nuno Valente,Everton,2005
657,Nuno Valente,Portugal,2005
658,Tony Hibbert,Everton,2005
659,Tony Hibbert,England,2005
660,Kevin Kilbane,Everton,2005
661,Kevin Kilbane,Ireland,2005
662,Mikel Arteta,Everton,2005
663,Mikel Arteta,Spain,2005
664,Phil Neville,Everton,2005
665,Phil Neville,England,2005
666,Tim Cahill,Everton,2005
667,Tim Cahill,Australia,2005
668,Duncan Ferguson,Everton,2005
669,Duncan Ferguson,Scotland,2005
670,James Beattie,Everton,2005
671,James Beattie,England,2005
672,James McFadden,Everton,2005
673,James McFadden,Scotland,2005
674,Marcus Bent,Everton,2005
675,Marcus Bent,England,2005
676,Richard Wright,Everton,2005
677,Richard Wright,England,2005
678,Leon Osman,Everton,2005
679,Leon Osman,England,2005
680,Tie Li,Everton,2005
681,Tie Li,China,2005
682,Simon Davies,Everton,2005
683,Simon Davies,Wales,2005
684,Alessandro Pistone,Everton,2005
685,Alessandro Pistone,Italy,2005
686,Sander Westerveld,Everton,2005
687,Sander Westerveld,Netherlands,2005
688,John Ruddy,Everton,2005
689,John Ruddy,England,2005
690,Iain Turner,Everton,2005
691,Iain Turner,Scotland,2005
692,Alan Stubbs,Everton,2005
693,Alan Stubbs,England,2005
694,Per Kröldrup,Everton,2005
695,Per Kröldrup,Denmark,2005
696,Gary Naysmith,Everton,2005
697,Gary Naysmith,Scotland,2005
698,Lee Carsley,Everton,2005
699,Lee Carsley,Ireland,2005
700,Andy van der Meyde,Everton,2005
701,Andy van der Meyde,Netherlands,2005
702,James Vaughan,Everton,2005
703,James Vaughan,England,2005
704,Victor Anichebe,Everton,2005
705,Victor Anichebe,Nigeria,2005
706,Mark Hughes,Everton,2005
707,Mark Hughes,England,2005
708,Laurence Wilson,Everton,2005
709,Laurence Wilson,England,2005
710,Brian McBride,Fulham,2005
711,Brian McBride,United States,2005
712,Ahmad Elrich,Fulham,2005
713,Ahmad Elrich,Australia,2005
714,Carlos Bocanegra,Fulham,2005
715,Carlos Bocanegra,United States,2005
716,Mark Crossley,Fulham,2005
717,Mark Crossley,Wales,2005
718,Jaroslav Drobny,Fulham,2005
719,Jaroslav Drobny,Czech Republic,2005
720,Moritz Volz,Fulham,2005
721,Moritz Volz,Germany,2005
722,Simon Elliott,Fulham,2005
723,Simon Elliott,New Zealand,2005
724,Steed Malbranque,Fulham,2005
725,Steed Malbranque,France,2005
726,Liam Fontaine,Fulham,2005
727,Liam Fontaine,England,2005
728,Sylvain Legwinski,Fulham,2005
729,Sylvain Legwinski,France,2005
730,Antti Niemi,Fulham,2005
731,Antti Niemi,Finland,2005
732,Zat Knight,Fulham,2005
733,Zat Knight,England,2005
734,Tony Warner,Fulham,2005
735,Tony Warner,Trinidad and Tobago,2005
736,Mark Pembridge,Fulham,2005
737,Mark Pembridge,Wales,2005
738,Wayne Bridge,Fulham,2005
739,Wayne Bridge,England,2005
740,Claus Jensen,Fulham,2005
741,Claus Jensen,Denmark,2005
742,Niclas Jensen,Fulham,2005
743,Niclas Jensen,Denmark,2005
744,Michael Brown,Fulham,2005
745,Michael Brown,England,2005
746,Ian Pearce,Fulham,2005
747,Ian Pearce,England,2005
748,Heidar Helguson,Fulham,2005
749,Heidar Helguson,Iceland,2005
750,Luís Boa Morte,Fulham,2005
751,Luís Boa Morte,Portugal,2005
752,Tomasz Radzinski,Fulham,2005
753,Tomasz Radzinski,Canada,2005
754,Papa Bouba Diop,Fulham,2005
755,Papa Bouba Diop,Senegal,2005
756,Collins John,Fulham,2005
757,Collins John,Netherlands,2005
758,Ricardo Batista,Fulham,2005
759,Ricardo Batista,Portugal,2005
760,Liam Rosenior,Fulham,2005
761,Liam Rosenior,England,2005
762,Philippe Christanval,Fulham,2005
763,Philippe Christanval,France,2005
764,Zesh Rehman,Fulham,2005
765,Zesh Rehman,Pakistan,2005
766,Dean Leacock,Fulham,2005
767,Dean Leacock,England,2005
768,Michael Timlin,Fulham,2005
769,Michael Timlin,Ireland,2005
770,Alain Goma,Fulham,2005
771,Alain Goma,France,2005
772,Adam Green,Fulham,2005
773,Adam Green,England,2005
774,Rob Milsom,Fulham,2005
775,Rob Milsom,England,2005
776,Stephan Andersen,Charlton,2005
777,Stephan Andersen,Denmark,2005
778,Jerome Thomas,Charlton,2005
779,Jerome Thomas,England,2005
780,Thomas Myhre,Charlton,2005
781,Thomas Myhre,Norway,2005
782,Shaun Bartlett,Charlton,2005
783,Shaun Bartlett,South Africa,2005
784,Darren Randolph,Charlton,2005
785,Darren Randolph,Ireland,2005
786,Darren Bent,Charlton,2005
787,Darren Bent,England,2005
788,Nathan Ashton,Charlton,2005
789,Nathan Ashton,England,2005
790,Jonathan Fortune,Charlton,2005
791,Jonathan Fortune,England,2005
792,Jay Bothroyd,Charlton,2005
793,Jay Bothroyd,England,2005
794,Gonçalo Brandão,Charlton,2005
795,Gonçalo Brandão,Portugal,2005
796,Jason Euell,Charlton,2005
797,Jason Euell,Jamaica,2005
798,Hermann Hreidarsson,Charlton,2005
799,Hermann Hreidarsson,Iceland,2005
800,Francis Jeffers,Charlton,2005
801,Francis Jeffers,England,2005
802,Radostin Kishishev,Charlton,2005
803,Radostin Kishishev,Bulgaria,2005
804,Kevin Lisbie,Charlton,2005
805,Kevin Lisbie,Jamaica,2005
806,Chris Perry,Charlton,2005
807,Chris Perry,England,2005
808,Dennis Rommedahl,Charlton,2005
809,Dennis Rommedahl,Denmark,2005
810,Chris Powell,Charlton,2005
811,Chris Powell,England,2005
812,Alex Varney,Charlton,2005
813,Alex Varney,England,2005
814,Osei Sankofa,Charlton,2005
815,Osei Sankofa,England,2005
816,James Walker,Charlton,2005
817,James Walker,Antigua and Barbuda,2005
818,Gonzalo Sorondo,Charlton,2005
819,Gonzalo Sorondo,Uruguay,2005
820,Jonathan Spector,Charlton,2005
821,Jonathan Spector,United States,2005
822,Kelly Youga,Charlton,2005
823,Kelly Youga,Central African Republic,2005
824,Luke Young,Charlton,2005
825,Luke Young,England,2005
826,Darren Ambrose,Charlton,2005
827,Darren Ambrose,England,2005
828,Rúrik Gíslason,Charlton,2005
829,Rúrik Gíslason,Iceland,2005
830,Matt Holland,Charlton,2005
831,Matt Holland,Ireland,2005
832,Bryan Hughes,Charlton,2005
833,Bryan Hughes,England,2005
834,Lloyd Sam,Charlton,2005
835,Lloyd Sam,Ghana,2005
836,Talal El Karkouri,Charlton,2005
837,Talal El Karkouri,Morocco,2005
838,Danny Murphy,Charlton,2005
839,Danny Murphy,England,2005
840,Dean Kiely,Charlton,2005
841,Dean Kiely,Ireland,2005
842,Aleksey Smertin,Charlton,2005
843,Aleksey Smertin,Russia,2005
844,Marcus Bent,Charlton,2005
845,Marcus Bent,England,2005
846,Jonatan Johansson,Charlton,2005
847,Jonatan Johansson,Finland,2005
848,Mark Schwarzer,Middlesbrough,2005
849,Mark Schwarzer,Australia,2005
850,Andrew Davies,Middlesbrough,2005
851,Andrew Davies,England,2005
852,Chris Riggott,Middlesbrough,2005
853,Chris Riggott,England,2005
854,Emanuel Pogatetz,Middlesbrough,2005
855,Emanuel Pogatetz,Austria,2005
856,Franck Queudrue,Middlesbrough,2005
857,Franck Queudrue,France,2005
858,Gareth Southgate,Middlesbrough,2005
859,Gareth Southgate,England,2005
860,Gaizka Mendieta,Middlesbrough,2005
861,Gaizka Mendieta,Spain,2005
862,George Boateng,Middlesbrough,2005
863,George Boateng,Netherlands,2005
864,Lee Cattermole,Middlesbrough,2005
865,Lee Cattermole,England,2005
866,Ray Parlour,Middlesbrough,2005
867,Ray Parlour,England,2005
868,Stewart Downing,Middlesbrough,2005
869,Stewart Downing,England,2005
870,Yakubu Aiyegbeni,Middlesbrough,2005
871,Yakubu Aiyegbeni,Nigeria,2005
872,Jimmy Floyd Hasselbaink,Middlesbrough,2005
873,Jimmy Floyd Hasselbaink,Netherlands,2005
874,Brad Jones,Middlesbrough,2005
875,Brad Jones,Australia,2005
876,Ross Turnbull,Middlesbrough,2005
877,Ross Turnbull,England,2005
878,David Knight,Middlesbrough,2005
879,David Knight,England,2005
880,Matthew Bates,Middlesbrough,2005
881,Matthew Bates,England,2005
882,Colin Cooper,Middlesbrough,2005
883,Colin Cooper,England,2005
884,Ugo Ehiogu,Middlesbrough,2005
885,Ugo Ehiogu,England,2005
886,Tony McMahon,Middlesbrough,2005
887,Tony McMahon,England,2005
888,Andrew Taylor,Middlesbrough,2005
889,Andrew Taylor,England,2005
890,David Wheater,Middlesbrough,2005
891,David Wheater,England,2005
892,Tom Craddock,Middlesbrough,2005
893,Tom Craddock,England,2005
894,Doriva,Middlesbrough,2005
895,Doriva,Brazil,2005
896,Adam Johnson,Middlesbrough,2005
897,Adam Johnson,England,2005
898,Jason Kennedy,Middlesbrough,2005
899,Jason Kennedy,England,2005
900,James Morrison,Middlesbrough,2005
901,James Morrison,Scotland,2005
902,Stuart Parnaby,Middlesbrough,2005
903,Stuart Parnaby,England,2005
904,Fábio Rochemback,Middlesbrough,2005
905,Fábio Rochemback,Brazil,2005
906,Malcolm Christie,Middlesbrough,2005
907,Malcolm Christie,England,2005
908,Danny Graham,Middlesbrough,2005
909,Danny Graham,England,2005
910,Massimo Maccarone,Middlesbrough,2005
911,Massimo Maccarone,Italy,2005
912,Mark Viduka,Middlesbrough,2005
913,Mark Viduka,Australia,2005
914,Rhys Williams,Middlesbrough,2005
915,Rhys Williams,Australia,2005
916,Josh Walker,Middlesbrough,2005
917,Josh Walker,England,2005
918,Abel Xavier,Middlesbrough,2005
919,Abel Xavier,Portugal,2005
920,Joseph-Désiré Job,Middlesbrough,2005
921,Joseph-Désiré Job,Cameroon,2005
922,Szilard Nemeth,Middlesbrough,2005
923,Szilard Nemeth,Slovakia,2005
924,Michael Reiziger,Middlesbrough,2005
925,Michael Reiziger,Netherlands,2005
926,Geert De Vlieger,Man City,2005
927,Geert De Vlieger,Belgium,2005
928,Kiki Musampa,Man City,2005
929,Kiki Musampa,Netherlands,2005
930,David James,Man City,2005
931,David James,England,2005
932,Claudio Reyna,Man City,2005
933,Claudio Reyna,United States,2005
934,Kasper Schmeichel,Man City,2005
935,Kasper Schmeichel,Denmark,2005
936,Albert Riera,Man City,2005
937,Albert Riera,Spain,2005
938,Trevor Sinclair,Man City,2005
939,Trevor Sinclair,England,2005
940,Sylvain Distin,Man City,2005
941,Sylvain Distin,France,2005
942,Richard Dunne,Man City,2005
943,Richard Dunne,Ireland,2005
944,Andy Cole,Man City,2005
945,Andy Cole,England,2005
946,Danny Mills,Man City,2005
947,Danny Mills,England,2005
948,Georgios Samaras,Man City,2005
949,Georgios Samaras,Greece,2005
950,Matt Mills,Man City,2005
951,Matt Mills,England,2005
952,Antoine Sibierski,Man City,2005
953,Antoine Sibierski,France,2005
954,Nedum Onuoha,Man City,2005
955,Nedum Onuoha,England,2005
956,Darius Vassell,Man City,2005
957,Darius Vassell,England,2005
958,Micah Richards,Man City,2005
959,Micah Richards,England,2005
960,Bradley Wright-Phillips,Man City,2005
961,Bradley Wright-Phillips,England,2005
962,David Sommeil,Man City,2005
963,David Sommeil,Guadeloupe,2005
964,Jihai Sun,Man City,2005
965,Jihai Sun,China,2005
966,Ben Thatcher,Man City,2005
967,Ben Thatcher,Wales,2005
968,Joey Barton,Man City,2005
969,Joey Barton,England,2005
970,Lee Croft,Man City,2005
971,Lee Croft,England,2005
972,Willo Flood,Man City,2005
973,Willo Flood,Ireland,2005
974,Stephen Ireland,Man City,2005
975,Stephen Ireland,Ireland,2005
976,Stephen Jordan,Man City,2005
977,Stephen Jordan,England,2005
978,Ishmael Miller,Man City,2005
979,Ishmael Miller,England,2005
980,Nicky Weaver,Man City,2005
981,Nicky Weaver,England,2005
982,Tuomas Haapala,Man City,2005
983,Tuomas Haapala,Finland,2005
984,Robbie Fowler,Man City,2005
985,Robbie Fowler,England,2005
986,Mikkel Bischoff,Man City,2005
987,Mikkel Bischoff,Denmark,2005
988,Hussein Yasser,Man City,2005
989,Hussein Yasser,Qatar,2005
990,Bobby Olejnik,Aston Villa,2005
991,Bobby Olejnik,Austria,2005
992,James Milner,Aston Villa,2005
993,James Milner,England,2005
994,Thomas Sörensen,Aston Villa,2005
995,Thomas Sörensen,Denmark,2005
996,Jamie Ward,Aston Villa,2005
997,Jamie Ward,Northern Ireland,2005
998,Stuart Taylor,Aston Villa,2005
999,Stuart Taylor,England,2005
1000,Peter Whittingham,Aston Villa,2005
1001,Peter Whittingham,England,2005
1002,Wilfred Bouma,Aston Villa,2005
1003,Wilfred Bouma,Netherlands,2005
1004,Gabriel Agbonlahor,Aston Villa,2005
1005,Gabriel Agbonlahor,England,2005
1006,Gary Cahill,Aston Villa,2005
1007,Gary Cahill,England,2005
1008,Juan Pablo Ángel,Aston Villa,2005
1009,Juan Pablo Ángel,Colombia,2005
1010,Mark Delaney,Aston Villa,2005
1011,Mark Delaney,Wales,2005
1012,Milan Baros,Aston Villa,2005
1013,Milan Baros,Czech Republic,2005
1014,Aaron Hughes,Aston Villa,2005
1015,Aaron Hughes,Northern Ireland,2005
1016,Luke Moore,Aston Villa,2005
1017,Luke Moore,England,2005
1018,Martin Laursen,Aston Villa,2005
1019,Martin Laursen,Denmark,2005
1020,Kevin Phillips,Aston Villa,2005
1021,Kevin Phillips,England,2005
1022,Olof Mellberg,Aston Villa,2005
1023,Olof Mellberg,Sweden,2005
1024,Sam Williams,Aston Villa,2005
1025,Sam Williams,England,2005
1026,Liam Ridgewell,Aston Villa,2005
1027,Liam Ridgewell,England,2005
1028,Jlloyd Samuel,Aston Villa,2005
1029,Jlloyd Samuel,Trinidad and Tobago,2005
1030,Eirik Bakke,Aston Villa,2005
1031,Eirik Bakke,Norway,2005
1032,Gareth Barry,Aston Villa,2005
1033,Gareth Barry,England,2005
1034,Patrik Berger,Aston Villa,2005
1035,Patrik Berger,Czech Republic,2005
1036,Steven Davis,Aston Villa,2005
1037,Steven Davis,Northern Ireland,2005
1038,Ulises de la Cruz,Aston Villa,2005
1039,Ulises de la Cruz,Ecuador,2005
1040,Eric Djemba Djemba,Aston Villa,2005
1041,Eric Djemba Djemba,Cameroon,2005
1042,Craig Gardner,Aston Villa,2005
1043,Craig Gardner,England,2005
1044,Lee Hendrie,Aston Villa,2005
1045,Lee Hendrie,England,2005
1046,Gavin McCann,Aston Villa,2005
1047,Gavin McCann,England,2005
1048,Nolberto Solano,Aston Villa,2005
1049,Nolberto Solano,Peru,2005
1050,Ognjen Koroman,Portsmouth,2005
1051,Ognjen Koroman,Serbia,2005
1052,Konstantinos Chalkias,Portsmouth,2005
1053,Konstantinos Chalkias,Greece,2005
1054,Zvonimir Vukic,Portsmouth,2005
1055,Zvonimir Vukic,Serbia,2005
1056,Jamie Ashdown,Portsmouth,2005
1057,Jamie Ashdown,England,2005
1058,Gary O'Neil,Portsmouth,2005
1059,Gary O'Neil,England,2005
1060,Dean Kiely,Portsmouth,2005
1061,Dean Kiely,Ireland,2005
1062,Jhon Viáfara,Portsmouth,2005
1063,Jhon Viáfara,Colombia,2005
1064,Sander Westerveld,Portsmouth,2005
1065,Sander Westerveld,Netherlands,2005
1066,Sean Davis,Portsmouth,2005
1067,Sean Davis,England,2005
1068,Brian Priske,Portsmouth,2005
1069,Brian Priske,Denmark,2005
1070,Laurent Robert,Portsmouth,2005
1071,Laurent Robert,France,2005
1072,Noé Pamarot,Portsmouth,2005
1073,Noé Pamarot,France,2005
1074,Emmanuel Olisadebe,Portsmouth,2005
1075,Emmanuel Olisadebe,Poland,2005
1076,Andrew O'Brien,Portsmouth,2005
1077,Andrew O'Brien,Ireland,2005
1078,Collins Mbesuma,Portsmouth,2005
1079,Collins Mbesuma,Zambia,2005
1080,Andy Griffin,Portsmouth,2005
1081,Andy Griffin,England,2005
1082,Lomana LuaLua,Portsmouth,2005
1083,Lomana LuaLua,DR Congo,2005
1084,Linvoy Primus,Portsmouth,2005
1085,Linvoy Primus,England,2005
1086,Darío Silva,Portsmouth,2005
1087,Darío Silva,Uruguay,2005
1088,Dejan Stefanovic,Portsmouth,2005
1089,Dejan Stefanovic,Serbia,2005
1090,Svetoslav Todorov,Portsmouth,2005
1091,Svetoslav Todorov,Bulgaria,2005
1092,Azar Karadas,Portsmouth,2005
1093,Azar Karadas,Norway,2005
1094,Ivica Mornar,Portsmouth,2005
1095,Ivica Mornar,Croatia,2005
1096,Grégory Vignal,Portsmouth,2005
1097,Grégory Vignal,France,2005
1098,Vincent Péricard,Portsmouth,2005
1099,Vincent Péricard,France,2005
1100,Aliou Cissé,Portsmouth,2005
1101,Aliou Cissé,Senegal,2005
1102,Benjani,Portsmouth,2005
1103,Benjani,Zimbabwe,2005
1104,Andrés D'Alessandro,Portsmouth,2005
1105,Andrés D'Alessandro,Argentina,2005
1106,Salif Diao,Portsmouth,2005
1107,Salif Diao,Senegal,2005
1108,Franck Songo'o,Portsmouth,2005
1109,Franck Songo'o,Cameroon,2005
1110,Richard Hughes,Portsmouth,2005
1111,Richard Hughes,Scotland,2005
1112,Wayne Routledge,Portsmouth,2005
1113,Wayne Routledge,England,2005
1114,Matthew Taylor,Portsmouth,2005
1115,Matthew Taylor,England,2005
1116,Giannis Skopelitis,Portsmouth,2005
1117,Giannis Skopelitis,Greece,2005
1118,Pedro Mendes,Portsmouth,2005
1119,Pedro Mendes,Portugal,2005
1120,Andrea Guatelli,Portsmouth,2005
1121,Andrea Guatelli,Italy,2005
1122,Mehdi Nafti,Birmingham,2005
1123,Mehdi Nafti,Tunisia,2005
1124,Mathew Birley,Birmingham,2005
1125,Mathew Birley,England,2005
1126,Marcos Painter,Birmingham,2005
1127,Marcos Painter,Ireland,2005
1128,Alex Bruce,Birmingham,2005
1129,Alex Bruce,Northern Ireland,2005
1130,Walter Pandiani,Birmingham,2005
1131,Walter Pandiani,Uruguay,2005
1132,Nicky Butt,Birmingham,2005
1133,Nicky Butt,England,2005
1134,Jermaine Pennant,Birmingham,2005
1135,Jermaine Pennant,England,2005
1136,DJ Campbell,Birmingham,2005
1137,DJ Campbell,England,2005
1138,Mat Sadler,Birmingham,2005
1139,Mat Sadler,England,2005
1140,Jamie Clapham,Birmingham,2005
1141,Jamie Clapham,England,2005
1142,Chris Sutton,Birmingham,2005
1143,Chris Sutton,England,2005
1144,Stephen Clemence,Birmingham,2005
1145,Stephen Clemence,England,2005
1146,Maik Taylor,Birmingham,2005
1147,Maik Taylor,Northern Ireland,2005
1148,Kenny Cunningham,Birmingham,2005
1149,Kenny Cunningham,Ireland,2005
1150,Martin Taylor,Birmingham,2005
1151,Martin Taylor,England,2005
1152,David Dunn,Birmingham,2005
1153,David Dunn,England,2005
1154,Olivier Tébily,Birmingham,2005
1155,Olivier Tébily,Cote d'Ivoire,2005
1156,Mikael Forssell,Birmingham,2005
1157,Mikael Forssell,Finland,2005
1158,Peter Till,Birmingham,2005
1159,Peter Till,England,2005
1160,Julian Gray,Birmingham,2005
1161,Julian Gray,England,2005
1162,Matthew Upson,Birmingham,2005
1163,Matthew Upson,England,2005
1164,Emile Heskey,Birmingham,2005
1165,Emile Heskey,England,2005
1166,Nico Vaesen,Birmingham,2005
1167,Nico Vaesen,Belgium,2005
1168,Muzzy Izzet,Birmingham,2005
1169,Muzzy Izzet,Turkey,2005
1170,Jiri Jarosik,Birmingham,2005
1171,Jiri Jarosik,Czech Republic,2005
1172,Damien Johnson,Birmingham,2005
1173,Damien Johnson,Northern Ireland,2005
1174,Neil Kilkenny,Birmingham,2005
1175,Neil Kilkenny,Australia,2005
1176,Martin Latka,Birmingham,2005
1177,Martin Latka,Czech Republic,2005
1178,Stan Lazaridis,Birmingham,2005
1179,Stan Lazaridis,Australia,2005
1180,Mario Melchiot,Birmingham,2005
1181,Mario Melchiot,Netherlands,2005
1182,Clinton Morrison,Birmingham,2005
1183,Clinton Morrison,Ireland,2005
1184,Sam Oji,Birmingham,2005
1185,Sam Oji,England,2005
1186,Colin Doyle,Birmingham,2005
1187,Colin Doyle,Ireland,2005
1188,Junichi Inamoto,West Brom,2005
1189,Junichi Inamoto,Japan,2005
1190,Tomasz Kuszczak,West Brom,2005
1191,Tomasz Kuszczak,Poland,2005
1192,Martin Albrechtsen,West Brom,2005
1193,Martin Albrechtsen,Denmark,2005
1194,Jan Kozak,West Brom,2005
1195,Jan Kozak,Slovakia,2005
1196,Kevin Campbell,West Brom,2005
1197,Kevin Campbell,England,2005
1198,Williams Martínez,West Brom,2005
1199,Williams Martínez,Uruguay,2005
1200,Darren Carter,West Brom,2005
1201,Darren Carter,England,2005
1202,Darren Moore,West Brom,2005
1203,Darren Moore,Jamaica,2005
1204,Richard Chaplow,West Brom,2005
1205,Richard Chaplow,England,2005
1206,Stuart Nicholson,West Brom,2005
1207,Stuart Nicholson,England,2005
1208,Neil Clement,West Brom,2005
1209,Neil Clement,England,2005
1210,Nigel Quashie,West Brom,2005
1211,Nigel Quashie,Scotland,2005
1212,Curtis Davies,West Brom,2005
1213,Curtis Davies,England,2005
1214,Paul Robinson,West Brom,2005
1215,Paul Robinson,England,2005
1216,Rob Davies,West Brom,2005
1217,Rob Davies,Wales,2005
1218,Riccardo Scimeca,West Brom,2005
1219,Riccardo Scimeca,England,2005
1220,Lloyd Dyer,West Brom,2005
1221,Lloyd Dyer,England,2005
1222,Ronnie Wallwork,West Brom,2005
1223,Ronnie Wallwork,England,2005
1224,Robert Earnshaw,West Brom,2005
1225,Robert Earnshaw,Wales,2005
1226,Steve Watson,West Brom,2005
1227,Steve Watson,England,2005
1228,Nathan Ellington,West Brom,2005
1229,Nathan Ellington,England,2005
1230,Thomas Gaardsöe,West Brom,2005
1231,Thomas Gaardsöe,Denmark,2005
1232,Zoltán Gera,West Brom,2005
1233,Zoltán Gera,Hungary,2005
1234,Jonathan Greening,West Brom,2005
1235,Jonathan Greening,England,2005
1236,Jared Hodgkiss,West Brom,2005
1237,Jared Hodgkiss,England,2005
1238,Geoff Horsfield,West Brom,2005
1239,Geoff Horsfield,England,2005
1240,Russell Hoult,West Brom,2005
1241,Russell Hoult,England,2005
1242,Andy Johnson,West Brom,2005
1243,Andy Johnson,Wales,2005
1244,Diomansy Kamara,West Brom,2005
1245,Diomansy Kamara,Senegal,2005
1246,Nwankwo Kanu,West Brom,2005
1247,Nwankwo Kanu,Nigeria,2005
1248,Chris Kirkland,West Brom,2005
1249,Chris Kirkland,England,2005
1250,Rob Elvins,West Brom,2005
1251,Rob Elvins,England,2005
1252,Ben Alnwick,Sunderland,2005
1253,Ben Alnwick,England,2005
1254,Julio Arca,Sunderland,2005
1255,Julio Arca,Argentina,2005
1256,Carl Robinson,Sunderland,2005
1257,Carl Robinson,Wales,2005
1258,Christian Bassila,Sunderland,2005
1259,Christian Bassila,France,2005
1260,Daniel Smith,Sunderland,2005
1261,Daniel Smith,England,2005
1262,Chris Brown,Sunderland,2005
1263,Chris Brown,England,2005
1264,Jon Stead,Sunderland,2005
1265,Jon Stead,England,2005
1266,Steven Caldwell,Sunderland,2005
1267,Steven Caldwell,Scotland,2005
1268,Alan Stubbs,Sunderland,2005
1269,Alan Stubbs,England,2005
1270,Danny Collins,Sunderland,2005
1271,Danny Collins,Wales,2005
1272,Andy Welsh,Sunderland,2005
1273,Andy Welsh,Scotland,2005
1274,Neill Collins,Sunderland,2005
1275,Neill Collins,Scotland,2005
1276,Dean Whitehead,Sunderland,2005
1277,Dean Whitehead,England,2005
1278,Kelvin Davis,Sunderland,2005
1279,Kelvin Davis,England,2005
1280,Martin Woods,Sunderland,2005
1281,Martin Woods,Scotland,2005
1282,Rory Delap,Sunderland,2005
1283,Rory Delap,Ireland,2005
1284,Stephen Wright,Sunderland,2005
1285,Stephen Wright,England,2005
1286,Stephen Elliott,Sunderland,2005
1287,Stephen Elliott,Ireland,2005
1288,Andy Gray,Sunderland,2005
1289,Andy Gray,Scotland,2005
1290,Justin Hoyte,Sunderland,2005
1291,Justin Hoyte,Trinidad and Tobago,2005
1292,Kevin Kyle,Sunderland,2005
1293,Kevin Kyle,Scotland,2005
1294,Liam Lawrence,Sunderland,2005
1295,Liam Lawrence,Ireland,2005
1296,Anthony Le Tallec,Sunderland,2005
1297,Anthony Le Tallec,France,2005
1298,Grant Leadbitter,Sunderland,2005
1299,Grant Leadbitter,England,2005
1300,George McCartney,Sunderland,2005
1301,George McCartney,Northern Ireland,2005
1302,Tommy Miller,Sunderland,2005
1303,Tommy Miller,England,2005
1304,Daryl Murphy,Sunderland,2005
1305,Daryl Murphy,Ireland,2005
1306,Nyron Nosworthy,Sunderland,2005
1307,Nyron Nosworthy,Jamaica,2005
1308,Joe Murphy,Sunderland,2005
1309,Joe Murphy,Ireland,2005
1310,Gary Breen,Sunderland,2005
1311,Gary Breen,Ireland,2005
1312,Matt Piper,Sunderland,2005
1313,Matt Piper,England,2005
